{
  "version": 1,
  "author": "Anonymous maker",
  "editor": "wokwi",
  "parts": [
    { "type": "wokwi-breadboard", "id": "bb1", "top": 16.2, "left": -141.2, "attrs": {} },
    { "type": "wokwi-arduino-uno", "id": "uno", "top": 19.8, "left": -423, "attrs": {} },
    {
      "type": "wokwi-led",
      "id": "led1",
      "top": 25.2,
      "left": -15.4,
      "attrs": { "color": "yellow" }
    },
    {
      "type": "wokwi-led",
      "id": "led2",
      "top": 25.2,
      "left": -101.8,
      "attrs": { "color": "green" }
    },
    { "type": "wokwi-led", "id": "led3", "top": 25.2, "left": 99.8, "attrs": { "color": "red" } },
    {
      "type": "wokwi-resistor",
      "id": "r1",
      "top": 71.15,
      "left": -76.8,
      "attrs": { "value": "1000" }
    },
    { "type": "wokwi-rgb-led", "id": "rgb1", "top": -92, "left": -8.5, "attrs": {} },
    {
      "type": "wokwi-resistor",
      "id": "r2",
      "top": 71.15,
      "left": 124.8,
      "attrs": { "value": "1000" }
    },
    {
      "type": "wokwi-resistor",
      "id": "r3",
      "top": 71.15,
      "left": 9.6,
      "attrs": { "value": "1000" }
    }
  ],
  "connections": [
    [ "uno:GND.3", "bb1:bn.1", "black", [ "v76.7", "h4" ] ],
    [ "uno:13", "r1:2", "green", [ "v-67.2", "h278.8" ] ],
    [ "uno:12", "r3:2", "yellow", [ "v-48", "h355.7" ] ],
    [ "uno:11", "r2:2", "red", [ "v-28.8", "h461.4" ] ],
    [ "bb1:4t.e", "bb1:bn.2", "black", [ "v0" ] ],
    [ "bb1:13t.e", "bb1:bn.10", "black", [ "v0" ] ],
    [ "bb1:25t.e", "bb1:bn.20", "black", [ "v0" ] ],
    [ "led1:A", "bb1:14t.a", "", [ "$bb" ] ],
    [ "led1:C", "bb1:13t.a", "", [ "$bb" ] ],
    [ "led2:A", "bb1:5t.a", "", [ "$bb" ] ],
    [ "led2:C", "bb1:4t.a", "", [ "$bb" ] ],
    [ "led3:A", "bb1:26t.a", "", [ "$bb" ] ],
    [ "led3:C", "bb1:25t.a", "", [ "$bb" ] ],
    [ "r1:1", "bb1:5t.b", "", [ "$bb" ] ],
    [ "r1:2", "bb1:11t.b", "", [ "$bb" ] ],
    [ "r3:1", "bb1:14t.b", "", [ "$bb" ] ],
    [ "r3:2", "bb1:20t.b", "", [ "$bb" ] ],
    [ "r2:1", "bb1:26t.b", "", [ "$bb" ] ],
    [ "r2:2", "bb1:32t.b", "", [ "$bb" ] ]
  ],
  "dependencies": {}
}